{   
    "0": {
        "0": 215.200657975142,
        "1": 182.54013104211847,
        "2": 132.88809280725553,
        "3": 148.38626744077777,
        "4": 181.20606065511987,
        "5": 334.8161843929227,
        "6": 93.24751337243158,
        "7": 107.28676752420876
    },
    "1": {
        "0": 177.51973156034526,
        "1": 257.0883247778535,
        "2": 135.08154234560917,
        "3": 96.05329631291005,
        "4": 174.50584037634636,
        "5": 181.46551857052552,
        "6": 100.3930631512496,
        "7": 101.28211270302364
    },
    "2": {
        "0": 94.20198072888545,
        "1": 272.40695615312336,
        "2":147.73918135874624,
        "3": 223.04804443735412,
        "4": 178.1298231121244,
        "5":175.88833420871455,
        "6": 237.17760837396125,
        "7": 125.26682220024756
    },
    "3": {
        "0": 250.67356580344705,
        "1": 244.94249665862833,
        "2": 120.57642160408001,
        "3": 117.6715940315215,
        "4": 292.6800933852672,
        "5": 298.24217607263677,
        "6": 151.48821888274716,
        "7": 156.0724464231732
    },
    "4": {
        "0": 206.13196714453747,
        "1": 166.91806861098257,
        "2": 170.07907847537416,
        "3": 157.6324762332499,
        "4": 258.93926741308826,
        "5": 99.37904960012457,
        "6": 94.30994991634033,
        "7": 282.91197864778536
    }
     
}