{
    "inputUnits": [
        34
    ],
    "outputUnits": 4,
    "inputs": {
        "0": {
            "dtype": "number",
            "min": 53.85094549869285,
            "max": 410.5079526196194
        },
        "1": {
            "dtype": "number",
            "min": 55.530846740485174,
            "max": 234.15884648779485
        },
        "2": {
            "dtype": "number",
            "min": 55.413456185782465,
            "max": 415.58102856350314
        },
        "3": {
            "dtype": "number",
            "min": 53.549685942059824,
            "max": 225.75198756117766
        },
        "4": {
            "dtype": "number",
            "min": 51.287960542315176,
            "max": 412.690267006247
        },
        "5": {
            "dtype": "number",
            "min": 48.710939281181595,
            "max": 223.96162456111688
        },
        "6": {
            "dtype": "number",
            "min": 71.96169307723584,
            "max": 427.6320401796571
        },
        "7": {
            "dtype": "number",
            "min": 57.59056002249514,
            "max": 222.26672695768485
        },
        "8": {
            "dtype": "number",
            "min": 56.820987449081954,
            "max": 393.246677265093
        },
        "9": {
            "dtype": "number",
            "min": 50.0872125885366,
            "max": 211.229519973933
        },
        "10": {
            "dtype": "number",
            "min": 108.77568463870988,
            "max": 431.95552484534596
        },
        "11": {
            "dtype": "number",
            "min": 118.23420825171564,
            "max": 244.41403578227596
        },
        "12": {
            "dtype": "number",
            "min": 101.53810968658803,
            "max": 431.72915625664973
        },
        "13": {
            "dtype": "number",
            "min": 110.02299802312592,
            "max": 243.88144882736503
        },
        "14": {
            "dtype": "number",
            "min": 106.77983146697167,
            "max": 503.5784793363935
        },
        "15": {
            "dtype": "number",
            "min": 121.35042123757447,
            "max": 350.079635441999
        },
        "16": {
            "dtype": "number",
            "min": 99.11767863114056,
            "max": 520.4900481821498
        },
        "17": {
            "dtype": "number",
            "min": 103.62821823891963,
            "max": 360.49808131117766
        },
        "18": {
            "dtype": "number",
            "min": 112.24838316208658,
            "max": 565.9478213536601
        },
        "19": {
            "dtype": "number",
            "min": 57.592335266825756,
            "max": 446.80426690365096
        },
        "20": {
            "dtype": "number",
            "min": 111.0277008175386,
            "max": 570.7652918002949
        },
        "21": {
            "dtype": "number",
            "min": 63.86218712951424,
            "max": 452.5086731669504
        },
        "22": {
            "dtype": "number",
            "min": 195.13755056180844,
            "max": 465.2181519979633
        },
        "23": {
            "dtype": "number",
            "min": 238.72379892994923,
            "max": 353.15136030026446
        },
        "24": {
            "dtype": "number",
            "min": 184.2942281641385,
            "max": 438.94018744680204
        },
        "25": {
            "dtype": "number",
            "min": 230.95210450168713,
            "max": 341.76996253343873
        },
        "26": {
            "dtype": "number",
            "min": 162.06246372326802,
            "max": 489.65739921837
        },
        "27": {
            "dtype": "number",
            "min": 293.50772130350197,
            "max": 437.1808048352193
        },
        "28": {
            "dtype": "number",
            "min": 114.26186825050918,
            "max": 455.51401694924914
        },
        "29": {
            "dtype": "number",
            "min": 288.2679528856092,
            "max": 429.4379469578368
        },
        "30": {
            "dtype": "number",
            "min": 106.92273091713278,
            "max": 508.43971816482247
        },
        "31": {
            "dtype": "number",
            "min": 365.0986115570662,
            "max": 513.7673858167597
        },
        "32": {
            "dtype": "number",
            "min": 103.36437062066817,
            "max": 427.7436739554201
        },
        "33": {
            "dtype": "number",
            "min": 342.71899152822533,
            "max": 465.9112477580861
        }
    },
    "outputs": {
        "0": {
            "dtype": "string",
            "min": 0,
            "max": 1,
            "uniqueValues": [
                "warrior2",
                "cow",
                "goddess",
                "downdog"
            ],
            "legend": {
                "warrior2": [
                    1,
                    0,
                    0,
                    0
                ],
                "cow": [
                    0,
                    1,
                    0,
                    0
                ],
                "goddess": [
                    0,
                    0,
                    1,
                    0
                ],
                "downdog": [
                    0,
                    0,
                    0,
                    1
                ]
            }
        }
    },
    "isNormalized": true
}